id,title,scope,stage,state,contract,tests,operations
verify.add.scalar,add: scalar integer types,llvm-compat,verification,specified,"Accept signless integer operands and a result of identical type at i1, i8, i32, i64 and i128.",verify.add.scalar.i1 verify.add.scalar.i8 verify.add.scalar.i32 verify.add.scalar.i64 verify.add.scalar.i128,llvm.add
verify.add.vectors,add: fixed and scalable vectors,llvm-compat,verification,specified,Accept homogeneous fixed and scalable LLVM-compatible integer vectors; shape and element type must agree.,verify.add.vectors.fixed verify.add.vectors.scalable,llvm.add
verify.add.mismatch,add: reject mismatched operand types,llvm-compat,verification,specified,"Reject i32/i64 operand mismatch with a type diagnostic, not a parser crash or unrelated rejection.",verify.add.mismatch.i32-i64,llvm.add
roundtrip.add,add: preserve canonical IR,llvm-compat,roundtrip,specified,Strict registered parse/print is stable and preserves the reference's generic canonical IR.,roundtrip.add.scalar,llvm.add
execute.add,add: complete scalar results,llvm-execution,execution,specified,"On explicitly defined inputs, match an independent Python integer expectation and LLVM execution for every bit at i8, i32, i64 and i128. These samples are not a proof for all inputs.",execute.add.i8-0 execute.add.i8-1 execute.add.i8-2 execute.add.i8-3 execute.add.i32-0 execute.add.i32-1 execute.add.i32-2 execute.add.i32-3 execute.add.i64-0 execute.add.i64-1 execute.add.i64-2 execute.add.i64-3 execute.add.i128-0 execute.add.i128-1 execute.add.i128-2 execute.add.i128-3,llvm.add
verify.sub.scalar,sub: scalar integer types,llvm-compat,verification,specified,"Accept signless integer operands and a result of identical type at i1, i8, i32, i64 and i128.",verify.sub.scalar.i1 verify.sub.scalar.i8 verify.sub.scalar.i32 verify.sub.scalar.i64 verify.sub.scalar.i128,llvm.sub
verify.sub.vectors,sub: fixed and scalable vectors,llvm-compat,verification,specified,Accept homogeneous fixed and scalable LLVM-compatible integer vectors; shape and element type must agree.,verify.sub.vectors.fixed verify.sub.vectors.scalable,llvm.sub
verify.sub.mismatch,sub: reject mismatched operand types,llvm-compat,verification,specified,"Reject i32/i64 operand mismatch with a type diagnostic, not a parser crash or unrelated rejection.",verify.sub.mismatch.i32-i64,llvm.sub
roundtrip.sub,sub: preserve canonical IR,llvm-compat,roundtrip,specified,Strict registered parse/print is stable and preserves the reference's generic canonical IR.,roundtrip.sub.scalar,llvm.sub
execute.sub,sub: complete scalar results,llvm-execution,execution,specified,"On explicitly defined inputs, match an independent Python integer expectation and LLVM execution for every bit at i8, i32, i64 and i128. These samples are not a proof for all inputs.",execute.sub.i8-0 execute.sub.i8-1 execute.sub.i8-2 execute.sub.i8-3 execute.sub.i32-0 execute.sub.i32-1 execute.sub.i32-2 execute.sub.i32-3 execute.sub.i64-0 execute.sub.i64-1 execute.sub.i64-2 execute.sub.i64-3 execute.sub.i128-0 execute.sub.i128-1 execute.sub.i128-2 execute.sub.i128-3,llvm.sub
verify.mul.scalar,mul: scalar integer types,llvm-compat,verification,specified,"Accept signless integer operands and a result of identical type at i1, i8, i32, i64 and i128.",verify.mul.scalar.i1 verify.mul.scalar.i8 verify.mul.scalar.i32 verify.mul.scalar.i64 verify.mul.scalar.i128,llvm.mul
verify.mul.vectors,mul: fixed and scalable vectors,llvm-compat,verification,specified,Accept homogeneous fixed and scalable LLVM-compatible integer vectors; shape and element type must agree.,verify.mul.vectors.fixed verify.mul.vectors.scalable,llvm.mul
verify.mul.mismatch,mul: reject mismatched operand types,llvm-compat,verification,specified,"Reject i32/i64 operand mismatch with a type diagnostic, not a parser crash or unrelated rejection.",verify.mul.mismatch.i32-i64,llvm.mul
roundtrip.mul,mul: preserve canonical IR,llvm-compat,roundtrip,specified,Strict registered parse/print is stable and preserves the reference's generic canonical IR.,roundtrip.mul.scalar,llvm.mul
execute.mul,mul: complete scalar results,llvm-execution,execution,specified,"On explicitly defined inputs, match an independent Python integer expectation and LLVM execution for every bit at i8, i32, i64 and i128. These samples are not a proof for all inputs.",execute.mul.i8-0 execute.mul.i8-1 execute.mul.i8-2 execute.mul.i8-3 execute.mul.i32-0 execute.mul.i32-1 execute.mul.i32-2 execute.mul.i32-3 execute.mul.i64-0 execute.mul.i64-1 execute.mul.i64-2 execute.mul.i64-3 execute.mul.i128-0 execute.mul.i128-1 execute.mul.i128-2 execute.mul.i128-3,llvm.mul
verify.and.scalar,and: scalar integer types,llvm-compat,verification,specified,"Accept signless integer operands and a result of identical type at i1, i8, i32, i64 and i128.",verify.and.scalar.i1 verify.and.scalar.i8 verify.and.scalar.i32 verify.and.scalar.i64 verify.and.scalar.i128,llvm.and
verify.and.vectors,and: fixed and scalable vectors,llvm-compat,verification,specified,Accept homogeneous fixed and scalable LLVM-compatible integer vectors; shape and element type must agree.,verify.and.vectors.fixed verify.and.vectors.scalable,llvm.and
verify.and.mismatch,and: reject mismatched operand types,llvm-compat,verification,specified,"Reject i32/i64 operand mismatch with a type diagnostic, not a parser crash or unrelated rejection.",verify.and.mismatch.i32-i64,llvm.and
roundtrip.and,and: preserve canonical IR,llvm-compat,roundtrip,specified,Strict registered parse/print is stable and preserves the reference's generic canonical IR.,roundtrip.and.scalar,llvm.and
execute.and,and: complete scalar results,llvm-execution,execution,specified,"On explicitly defined inputs, match an independent Python integer expectation and LLVM execution for every bit at i8, i32, i64 and i128. These samples are not a proof for all inputs.",execute.and.i8-0 execute.and.i8-1 execute.and.i8-2 execute.and.i8-3 execute.and.i32-0 execute.and.i32-1 execute.and.i32-2 execute.and.i32-3 execute.and.i64-0 execute.and.i64-1 execute.and.i64-2 execute.and.i64-3 execute.and.i128-0 execute.and.i128-1 execute.and.i128-2 execute.and.i128-3,llvm.and
verify.or.scalar,or: scalar integer types,llvm-compat,verification,specified,"Accept signless integer operands and a result of identical type at i1, i8, i32, i64 and i128.",verify.or.scalar.i1 verify.or.scalar.i8 verify.or.scalar.i32 verify.or.scalar.i64 verify.or.scalar.i128,llvm.or
verify.or.vectors,or: fixed and scalable vectors,llvm-compat,verification,specified,Accept homogeneous fixed and scalable LLVM-compatible integer vectors; shape and element type must agree.,verify.or.vectors.fixed verify.or.vectors.scalable,llvm.or
verify.or.mismatch,or: reject mismatched operand types,llvm-compat,verification,specified,"Reject i32/i64 operand mismatch with a type diagnostic, not a parser crash or unrelated rejection.",verify.or.mismatch.i32-i64,llvm.or
roundtrip.or,or: preserve canonical IR,llvm-compat,roundtrip,specified,Strict registered parse/print is stable and preserves the reference's generic canonical IR.,roundtrip.or.scalar,llvm.or
execute.or,or: complete scalar results,llvm-execution,execution,specified,"On explicitly defined inputs, match an independent Python integer expectation and LLVM execution for every bit at i8, i32, i64 and i128. These samples are not a proof for all inputs.",execute.or.i8-0 execute.or.i8-1 execute.or.i8-2 execute.or.i8-3 execute.or.i32-0 execute.or.i32-1 execute.or.i32-2 execute.or.i32-3 execute.or.i64-0 execute.or.i64-1 execute.or.i64-2 execute.or.i64-3 execute.or.i128-0 execute.or.i128-1 execute.or.i128-2 execute.or.i128-3,llvm.or
verify.xor.scalar,xor: scalar integer types,llvm-compat,verification,specified,"Accept signless integer operands and a result of identical type at i1, i8, i32, i64 and i128.",verify.xor.scalar.i1 verify.xor.scalar.i8 verify.xor.scalar.i32 verify.xor.scalar.i64 verify.xor.scalar.i128,llvm.xor
verify.xor.vectors,xor: fixed and scalable vectors,llvm-compat,verification,specified,Accept homogeneous fixed and scalable LLVM-compatible integer vectors; shape and element type must agree.,verify.xor.vectors.fixed verify.xor.vectors.scalable,llvm.xor
verify.xor.mismatch,xor: reject mismatched operand types,llvm-compat,verification,specified,"Reject i32/i64 operand mismatch with a type diagnostic, not a parser crash or unrelated rejection.",verify.xor.mismatch.i32-i64,llvm.xor
roundtrip.xor,xor: preserve canonical IR,llvm-compat,roundtrip,specified,Strict registered parse/print is stable and preserves the reference's generic canonical IR.,roundtrip.xor.scalar,llvm.xor
execute.xor,xor: complete scalar results,llvm-execution,execution,specified,"On explicitly defined inputs, match an independent Python integer expectation and LLVM execution for every bit at i8, i32, i64 and i128. These samples are not a proof for all inputs.",execute.xor.i8-0 execute.xor.i8-1 execute.xor.i8-2 execute.xor.i8-3 execute.xor.i32-0 execute.xor.i32-1 execute.xor.i32-2 execute.xor.i32-3 execute.xor.i64-0 execute.xor.i64-1 execute.xor.i64-2 execute.xor.i64-3 execute.xor.i128-0 execute.xor.i128-1 execute.xor.i128-2 execute.xor.i128-3,llvm.xor
verify.shl.scalar,shl: scalar integer types,llvm-compat,verification,specified,"Accept signless integer operands and a result of identical type at i1, i8, i32, i64 and i128.",verify.shl.scalar.i1 verify.shl.scalar.i8 verify.shl.scalar.i32 verify.shl.scalar.i64 verify.shl.scalar.i128,llvm.shl
verify.shl.vectors,shl: fixed and scalable vectors,llvm-compat,verification,specified,Accept homogeneous fixed and scalable LLVM-compatible integer vectors; shape and element type must agree.,verify.shl.vectors.fixed verify.shl.vectors.scalable,llvm.shl
verify.shl.mismatch,shl: reject mismatched operand types,llvm-compat,verification,specified,"Reject i32/i64 operand mismatch with a type diagnostic, not a parser crash or unrelated rejection.",verify.shl.mismatch.i32-i64,llvm.shl
roundtrip.shl,shl: preserve canonical IR,llvm-compat,roundtrip,specified,Strict registered parse/print is stable and preserves the reference's generic canonical IR.,roundtrip.shl.scalar,llvm.shl
execute.shl,shl: complete scalar results,llvm-execution,execution,specified,"On explicitly defined inputs, match an independent Python integer expectation and LLVM execution for every bit at i8, i32, i64 and i128. These samples are not a proof for all inputs.",execute.shl.i8-0 execute.shl.i8-1 execute.shl.i8-2 execute.shl.i8-3 execute.shl.i32-0 execute.shl.i32-1 execute.shl.i32-2 execute.shl.i32-3 execute.shl.i64-0 execute.shl.i64-1 execute.shl.i64-2 execute.shl.i64-3 execute.shl.i128-0 execute.shl.i128-1 execute.shl.i128-2 execute.shl.i128-3,llvm.shl
verify.lshr.scalar,lshr: scalar integer types,llvm-compat,verification,specified,"Accept signless integer operands and a result of identical type at i1, i8, i32, i64 and i128.",verify.lshr.scalar.i1 verify.lshr.scalar.i8 verify.lshr.scalar.i32 verify.lshr.scalar.i64 verify.lshr.scalar.i128,llvm.lshr
verify.lshr.vectors,lshr: fixed and scalable vectors,llvm-compat,verification,specified,Accept homogeneous fixed and scalable LLVM-compatible integer vectors; shape and element type must agree.,verify.lshr.vectors.fixed verify.lshr.vectors.scalable,llvm.lshr
verify.lshr.mismatch,lshr: reject mismatched operand types,llvm-compat,verification,specified,"Reject i32/i64 operand mismatch with a type diagnostic, not a parser crash or unrelated rejection.",verify.lshr.mismatch.i32-i64,llvm.lshr
roundtrip.lshr,lshr: preserve canonical IR,llvm-compat,roundtrip,specified,Strict registered parse/print is stable and preserves the reference's generic canonical IR.,roundtrip.lshr.scalar,llvm.lshr
execute.lshr,lshr: complete scalar results,llvm-execution,execution,specified,"On explicitly defined inputs, match an independent Python integer expectation and LLVM execution for every bit at i8, i32, i64 and i128. These samples are not a proof for all inputs.",execute.lshr.i8-0 execute.lshr.i8-1 execute.lshr.i8-2 execute.lshr.i8-3 execute.lshr.i32-0 execute.lshr.i32-1 execute.lshr.i32-2 execute.lshr.i32-3 execute.lshr.i64-0 execute.lshr.i64-1 execute.lshr.i64-2 execute.lshr.i64-3 execute.lshr.i128-0 execute.lshr.i128-1 execute.lshr.i128-2 execute.lshr.i128-3,llvm.lshr
verify.ashr.scalar,ashr: scalar integer types,llvm-compat,verification,specified,"Accept signless integer operands and a result of identical type at i1, i8, i32, i64 and i128.",verify.ashr.scalar.i1 verify.ashr.scalar.i8 verify.ashr.scalar.i32 verify.ashr.scalar.i64 verify.ashr.scalar.i128,llvm.ashr
verify.ashr.vectors,ashr: fixed and scalable vectors,llvm-compat,verification,specified,Accept homogeneous fixed and scalable LLVM-compatible integer vectors; shape and element type must agree.,verify.ashr.vectors.fixed verify.ashr.vectors.scalable,llvm.ashr
verify.ashr.mismatch,ashr: reject mismatched operand types,llvm-compat,verification,specified,"Reject i32/i64 operand mismatch with a type diagnostic, not a parser crash or unrelated rejection.",verify.ashr.mismatch.i32-i64,llvm.ashr
roundtrip.ashr,ashr: preserve canonical IR,llvm-compat,roundtrip,specified,Strict registered parse/print is stable and preserves the reference's generic canonical IR.,roundtrip.ashr.scalar,llvm.ashr
execute.ashr,ashr: complete scalar results,llvm-execution,execution,specified,"On explicitly defined inputs, match an independent Python integer expectation and LLVM execution for every bit at i8, i32, i64 and i128. These samples are not a proof for all inputs.",execute.ashr.i8-0 execute.ashr.i8-1 execute.ashr.i8-2 execute.ashr.i8-3 execute.ashr.i32-0 execute.ashr.i32-1 execute.ashr.i32-2 execute.ashr.i32-3 execute.ashr.i64-0 execute.ashr.i64-1 execute.ashr.i64-2 execute.ashr.i64-3 execute.ashr.i128-0 execute.ashr.i128-1 execute.ashr.i128-2 execute.ashr.i128-3,llvm.ashr
verify.udiv.scalar,udiv: scalar integer types,llvm-compat,verification,specified,"Accept signless integer operands and a result of identical type at i1, i8, i32, i64 and i128.",verify.udiv.scalar.i1 verify.udiv.scalar.i8 verify.udiv.scalar.i32 verify.udiv.scalar.i64 verify.udiv.scalar.i128,llvm.udiv
verify.udiv.vectors,udiv: fixed and scalable vectors,llvm-compat,verification,specified,Accept homogeneous fixed and scalable LLVM-compatible integer vectors; shape and element type must agree.,verify.udiv.vectors.fixed verify.udiv.vectors.scalable,llvm.udiv
verify.udiv.mismatch,udiv: reject mismatched operand types,llvm-compat,verification,specified,"Reject i32/i64 operand mismatch with a type diagnostic, not a parser crash or unrelated rejection.",verify.udiv.mismatch.i32-i64,llvm.udiv
roundtrip.udiv,udiv: preserve canonical IR,llvm-compat,roundtrip,specified,Strict registered parse/print is stable and preserves the reference's generic canonical IR.,roundtrip.udiv.scalar,llvm.udiv
execute.udiv,udiv: complete scalar results,llvm-execution,execution,specified,"On explicitly defined inputs, match an independent Python integer expectation and LLVM execution for every bit at i8, i32, i64 and i128. These samples are not a proof for all inputs.",execute.udiv.i8-0 execute.udiv.i8-1 execute.udiv.i8-2 execute.udiv.i8-3 execute.udiv.i32-0 execute.udiv.i32-1 execute.udiv.i32-2 execute.udiv.i32-3 execute.udiv.i64-0 execute.udiv.i64-1 execute.udiv.i64-2 execute.udiv.i64-3 execute.udiv.i128-0 execute.udiv.i128-1 execute.udiv.i128-2 execute.udiv.i128-3,llvm.udiv
verify.sdiv.scalar,sdiv: scalar integer types,llvm-compat,verification,specified,"Accept signless integer operands and a result of identical type at i1, i8, i32, i64 and i128.",verify.sdiv.scalar.i1 verify.sdiv.scalar.i8 verify.sdiv.scalar.i32 verify.sdiv.scalar.i64 verify.sdiv.scalar.i128,llvm.sdiv
verify.sdiv.vectors,sdiv: fixed and scalable vectors,llvm-compat,verification,specified,Accept homogeneous fixed and scalable LLVM-compatible integer vectors; shape and element type must agree.,verify.sdiv.vectors.fixed verify.sdiv.vectors.scalable,llvm.sdiv
verify.sdiv.mismatch,sdiv: reject mismatched operand types,llvm-compat,verification,specified,"Reject i32/i64 operand mismatch with a type diagnostic, not a parser crash or unrelated rejection.",verify.sdiv.mismatch.i32-i64,llvm.sdiv
roundtrip.sdiv,sdiv: preserve canonical IR,llvm-compat,roundtrip,specified,Strict registered parse/print is stable and preserves the reference's generic canonical IR.,roundtrip.sdiv.scalar,llvm.sdiv
execute.sdiv,sdiv: complete scalar results,llvm-execution,execution,specified,"On explicitly defined inputs, match an independent Python integer expectation and LLVM execution for every bit at i8, i32, i64 and i128. These samples are not a proof for all inputs.",execute.sdiv.i8-0 execute.sdiv.i8-1 execute.sdiv.i8-2 execute.sdiv.i8-3 execute.sdiv.i32-0 execute.sdiv.i32-1 execute.sdiv.i32-2 execute.sdiv.i32-3 execute.sdiv.i64-0 execute.sdiv.i64-1 execute.sdiv.i64-2 execute.sdiv.i64-3 execute.sdiv.i128-0 execute.sdiv.i128-1 execute.sdiv.i128-2 execute.sdiv.i128-3,llvm.sdiv
verify.urem.scalar,urem: scalar integer types,llvm-compat,verification,specified,"Accept signless integer operands and a result of identical type at i1, i8, i32, i64 and i128.",verify.urem.scalar.i1 verify.urem.scalar.i8 verify.urem.scalar.i32 verify.urem.scalar.i64 verify.urem.scalar.i128,llvm.urem
verify.urem.vectors,urem: fixed and scalable vectors,llvm-compat,verification,specified,Accept homogeneous fixed and scalable LLVM-compatible integer vectors; shape and element type must agree.,verify.urem.vectors.fixed verify.urem.vectors.scalable,llvm.urem
verify.urem.mismatch,urem: reject mismatched operand types,llvm-compat,verification,specified,"Reject i32/i64 operand mismatch with a type diagnostic, not a parser crash or unrelated rejection.",verify.urem.mismatch.i32-i64,llvm.urem
roundtrip.urem,urem: preserve canonical IR,llvm-compat,roundtrip,specified,Strict registered parse/print is stable and preserves the reference's generic canonical IR.,roundtrip.urem.scalar,llvm.urem
execute.urem,urem: complete scalar results,llvm-execution,execution,specified,"On explicitly defined inputs, match an independent Python integer expectation and LLVM execution for every bit at i8, i32, i64 and i128. These samples are not a proof for all inputs.",execute.urem.i8-0 execute.urem.i8-1 execute.urem.i8-2 execute.urem.i8-3 execute.urem.i32-0 execute.urem.i32-1 execute.urem.i32-2 execute.urem.i32-3 execute.urem.i64-0 execute.urem.i64-1 execute.urem.i64-2 execute.urem.i64-3 execute.urem.i128-0 execute.urem.i128-1 execute.urem.i128-2 execute.urem.i128-3,llvm.urem
verify.srem.scalar,srem: scalar integer types,llvm-compat,verification,specified,"Accept signless integer operands and a result of identical type at i1, i8, i32, i64 and i128.",verify.srem.scalar.i1 verify.srem.scalar.i8 verify.srem.scalar.i32 verify.srem.scalar.i64 verify.srem.scalar.i128,llvm.srem
verify.srem.vectors,srem: fixed and scalable vectors,llvm-compat,verification,specified,Accept homogeneous fixed and scalable LLVM-compatible integer vectors; shape and element type must agree.,verify.srem.vectors.fixed verify.srem.vectors.scalable,llvm.srem
verify.srem.mismatch,srem: reject mismatched operand types,llvm-compat,verification,specified,"Reject i32/i64 operand mismatch with a type diagnostic, not a parser crash or unrelated rejection.",verify.srem.mismatch.i32-i64,llvm.srem
roundtrip.srem,srem: preserve canonical IR,llvm-compat,roundtrip,specified,Strict registered parse/print is stable and preserves the reference's generic canonical IR.,roundtrip.srem.scalar,llvm.srem
execute.srem,srem: complete scalar results,llvm-execution,execution,specified,"On explicitly defined inputs, match an independent Python integer expectation and LLVM execution for every bit at i8, i32, i64 and i128. These samples are not a proof for all inputs.",execute.srem.i8-0 execute.srem.i8-1 execute.srem.i8-2 execute.srem.i8-3 execute.srem.i32-0 execute.srem.i32-1 execute.srem.i32-2 execute.srem.i32-3 execute.srem.i64-0 execute.srem.i64-1 execute.srem.i64-2 execute.srem.i64-3 execute.srem.i128-0 execute.srem.i128-1 execute.srem.i128-2 execute.srem.i128-3,llvm.srem
roundtrip.add.flags,add: preserve semantic flags,llvm-compat,roundtrip,specified,Preserve the standard LLVM dialect property encoding and its meaning through both parsers; dropping a flag is failure.,roundtrip.add.flags.nsw roundtrip.add.flags.nuw roundtrip.add.flags.both,llvm.add
roundtrip.sub.flags,sub: preserve semantic flags,llvm-compat,roundtrip,specified,Preserve the standard LLVM dialect property encoding and its meaning through both parsers; dropping a flag is failure.,roundtrip.sub.flags.nsw roundtrip.sub.flags.nuw roundtrip.sub.flags.both,llvm.sub
roundtrip.mul.flags,mul: preserve semantic flags,llvm-compat,roundtrip,specified,Preserve the standard LLVM dialect property encoding and its meaning through both parsers; dropping a flag is failure.,roundtrip.mul.flags.nsw roundtrip.mul.flags.nuw roundtrip.mul.flags.both,llvm.mul
roundtrip.shl.flags,shl: preserve semantic flags,llvm-compat,roundtrip,specified,Preserve the standard LLVM dialect property encoding and its meaning through both parsers; dropping a flag is failure.,roundtrip.shl.flags.nsw roundtrip.shl.flags.nuw roundtrip.shl.flags.both,llvm.shl
roundtrip.udiv.flags,udiv: preserve semantic flags,llvm-compat,roundtrip,specified,Preserve the standard LLVM dialect property encoding and its meaning through both parsers; dropping a flag is failure.,roundtrip.udiv.flags.exact,llvm.udiv
roundtrip.sdiv.flags,sdiv: preserve semantic flags,llvm-compat,roundtrip,specified,Preserve the standard LLVM dialect property encoding and its meaning through both parsers; dropping a flag is failure.,roundtrip.sdiv.flags.exact,llvm.sdiv
roundtrip.lshr.flags,lshr: preserve semantic flags,llvm-compat,roundtrip,specified,Preserve the standard LLVM dialect property encoding and its meaning through both parsers; dropping a flag is failure.,roundtrip.lshr.flags.exact,llvm.lshr
roundtrip.ashr.flags,ashr: preserve semantic flags,llvm-compat,roundtrip,specified,Preserve the standard LLVM dialect property encoding and its meaning through both parsers; dropping a flag is failure.,roundtrip.ashr.flags.exact,llvm.ashr
roundtrip.or.flags,or: preserve semantic flags,llvm-compat,roundtrip,specified,Preserve the standard LLVM dialect property encoding and its meaning through both parsers; dropping a flag is failure.,roundtrip.or.flags.disjoint,llvm.or
verify.fadd.types,fadd: floating-point types,llvm-compat,verification,specified,"Accept homogeneous f16, bf16, f32, f64 and f128 operands; acceptance is distinct from execution support.",verify.fadd.types.f16 verify.fadd.types.bf16 verify.fadd.types.f32 verify.fadd.types.f64 verify.fadd.types.f128,llvm.fadd
roundtrip.fadd.fastmath,fadd: fast-math flags,llvm-compat,roundtrip,specified,"Preserve none, nnan, ninf, nsz and fast flag sets in canonical MLIR, without inferring semantic correctness.",roundtrip.fadd.fastmath.none roundtrip.fadd.fastmath.nnan roundtrip.fadd.fastmath.ninf roundtrip.fadd.fastmath.nsz roundtrip.fadd.fastmath.fast,llvm.fadd
verify.fsub.types,fsub: floating-point types,llvm-compat,verification,specified,"Accept homogeneous f16, bf16, f32, f64 and f128 operands; acceptance is distinct from execution support.",verify.fsub.types.f16 verify.fsub.types.bf16 verify.fsub.types.f32 verify.fsub.types.f64 verify.fsub.types.f128,llvm.fsub
roundtrip.fsub.fastmath,fsub: fast-math flags,llvm-compat,roundtrip,specified,"Preserve none, nnan, ninf, nsz and fast flag sets in canonical MLIR, without inferring semantic correctness.",roundtrip.fsub.fastmath.none roundtrip.fsub.fastmath.nnan roundtrip.fsub.fastmath.ninf roundtrip.fsub.fastmath.nsz roundtrip.fsub.fastmath.fast,llvm.fsub
verify.fmul.types,fmul: floating-point types,llvm-compat,verification,specified,"Accept homogeneous f16, bf16, f32, f64 and f128 operands; acceptance is distinct from execution support.",verify.fmul.types.f16 verify.fmul.types.bf16 verify.fmul.types.f32 verify.fmul.types.f64 verify.fmul.types.f128,llvm.fmul
roundtrip.fmul.fastmath,fmul: fast-math flags,llvm-compat,roundtrip,specified,"Preserve none, nnan, ninf, nsz and fast flag sets in canonical MLIR, without inferring semantic correctness.",roundtrip.fmul.fastmath.none roundtrip.fmul.fastmath.nnan roundtrip.fmul.fastmath.ninf roundtrip.fmul.fastmath.nsz roundtrip.fmul.fastmath.fast,llvm.fmul
verify.fdiv.types,fdiv: floating-point types,llvm-compat,verification,specified,"Accept homogeneous f16, bf16, f32, f64 and f128 operands; acceptance is distinct from execution support.",verify.fdiv.types.f16 verify.fdiv.types.bf16 verify.fdiv.types.f32 verify.fdiv.types.f64 verify.fdiv.types.f128,llvm.fdiv
roundtrip.fdiv.fastmath,fdiv: fast-math flags,llvm-compat,roundtrip,specified,"Preserve none, nnan, ninf, nsz and fast flag sets in canonical MLIR, without inferring semantic correctness.",roundtrip.fdiv.fastmath.none roundtrip.fdiv.fastmath.nnan roundtrip.fdiv.fastmath.ninf roundtrip.fdiv.fastmath.nsz roundtrip.fdiv.fastmath.fast,llvm.fdiv
verify.frem.types,frem: floating-point types,llvm-compat,verification,specified,"Accept homogeneous f16, bf16, f32, f64 and f128 operands; acceptance is distinct from execution support.",verify.frem.types.f16 verify.frem.types.bf16 verify.frem.types.f32 verify.frem.types.f64 verify.frem.types.f128,llvm.frem
roundtrip.frem.fastmath,frem: fast-math flags,llvm-compat,roundtrip,specified,"Preserve none, nnan, ninf, nsz and fast flag sets in canonical MLIR, without inferring semantic correctness.",roundtrip.frem.fastmath.none roundtrip.frem.fastmath.nnan roundtrip.frem.fastmath.ninf roundtrip.frem.fastmath.nsz roundtrip.frem.fastmath.fast,llvm.frem
execute.flags.nsw,nsw: defined flagged execution,llvm-execution,execution,specified,Use the standard property spelling on non-violating inputs and compare the entire result with LLVM and a mathematical expectation. Poison-producing inputs have separate model contracts.,execute.flags.nsw.add execute.flags.nsw.sub execute.flags.nsw.mul execute.flags.nsw.shl,llvm.add llvm.sub llvm.mul llvm.shl
execute.flags.nuw,nuw: defined flagged execution,llvm-execution,execution,specified,Use the standard property spelling on non-violating inputs and compare the entire result with LLVM and a mathematical expectation. Poison-producing inputs have separate model contracts.,execute.flags.nuw.add execute.flags.nuw.sub execute.flags.nuw.mul execute.flags.nuw.shl,llvm.add llvm.sub llvm.mul llvm.shl
execute.flags.nsw-nuw,nsw-nuw: defined flagged execution,llvm-execution,execution,specified,Use the standard property spelling on non-violating inputs and compare the entire result with LLVM and a mathematical expectation. Poison-producing inputs have separate model contracts.,execute.flags.nsw-nuw.add execute.flags.nsw-nuw.sub execute.flags.nsw-nuw.mul execute.flags.nsw-nuw.shl,llvm.add llvm.sub llvm.mul llvm.shl
execute.flags.exact,exact: defined flagged execution,llvm-execution,execution,specified,Use the standard property spelling on non-violating inputs and compare the entire result with LLVM and a mathematical expectation. Poison-producing inputs have separate model contracts.,execute.flags.exact.udiv execute.flags.exact.sdiv execute.flags.exact.lshr execute.flags.exact.ashr,llvm.udiv llvm.sdiv llvm.lshr llvm.ashr
execute.flags.disjoint,disjoint: defined flagged execution,llvm-execution,execution,specified,Use the standard property spelling on non-violating inputs and compare the entire result with LLVM and a mathematical expectation. Poison-producing inputs have separate model contracts.,execute.flags.disjoint.or,llvm.or
execute.trunc,trunc: bit-accurate conversion,llvm-execution,execution,specified,"Match LLVM and mathematical truncation/extension at zero, positive maximum, sign bit and all ones.",execute.trunc.0 execute.trunc.1 execute.trunc.2 execute.trunc.3,llvm.trunc
execute.zext,zext: bit-accurate conversion,llvm-execution,execution,specified,"Match LLVM and mathematical truncation/extension at zero, positive maximum, sign bit and all ones.",execute.zext.0 execute.zext.1 execute.zext.2 execute.zext.3,llvm.zext
execute.sext,sext: bit-accurate conversion,llvm-execution,execution,specified,"Match LLVM and mathematical truncation/extension at zero, positive maximum, sign bit and all ones.",execute.sext.0 execute.sext.1 execute.sext.2 execute.sext.3,llvm.sext
execute.icmp.eq,icmp eq: signedness and equality,llvm-execution,execution,specified,"Compare signed and unsigned interpretations, returning the full i1 result; no exit-code approximation.",execute.icmp.eq.0 execute.icmp.eq.1 execute.icmp.eq.2 execute.icmp.eq.3,llvm.icmp
execute.icmp.ne,icmp ne: signedness and equality,llvm-execution,execution,specified,"Compare signed and unsigned interpretations, returning the full i1 result; no exit-code approximation.",execute.icmp.ne.0 execute.icmp.ne.1 execute.icmp.ne.2 execute.icmp.ne.3,llvm.icmp
execute.icmp.slt,icmp slt: signedness and equality,llvm-execution,execution,specified,"Compare signed and unsigned interpretations, returning the full i1 result; no exit-code approximation.",execute.icmp.slt.0 execute.icmp.slt.1 execute.icmp.slt.2 execute.icmp.slt.3,llvm.icmp
execute.icmp.sle,icmp sle: signedness and equality,llvm-execution,execution,specified,"Compare signed and unsigned interpretations, returning the full i1 result; no exit-code approximation.",execute.icmp.sle.0 execute.icmp.sle.1 execute.icmp.sle.2 execute.icmp.sle.3,llvm.icmp
execute.icmp.sgt,icmp sgt: signedness and equality,llvm-execution,execution,specified,"Compare signed and unsigned interpretations, returning the full i1 result; no exit-code approximation.",execute.icmp.sgt.0 execute.icmp.sgt.1 execute.icmp.sgt.2 execute.icmp.sgt.3,llvm.icmp
execute.icmp.sge,icmp sge: signedness and equality,llvm-execution,execution,specified,"Compare signed and unsigned interpretations, returning the full i1 result; no exit-code approximation.",execute.icmp.sge.0 execute.icmp.sge.1 execute.icmp.sge.2 execute.icmp.sge.3,llvm.icmp
execute.icmp.ult,icmp ult: signedness and equality,llvm-execution,execution,specified,"Compare signed and unsigned interpretations, returning the full i1 result; no exit-code approximation.",execute.icmp.ult.0 execute.icmp.ult.1 execute.icmp.ult.2 execute.icmp.ult.3,llvm.icmp
execute.icmp.ule,icmp ule: signedness and equality,llvm-execution,execution,specified,"Compare signed and unsigned interpretations, returning the full i1 result; no exit-code approximation.",execute.icmp.ule.0 execute.icmp.ule.1 execute.icmp.ule.2 execute.icmp.ule.3,llvm.icmp
execute.icmp.ugt,icmp ugt: signedness and equality,llvm-execution,execution,specified,"Compare signed and unsigned interpretations, returning the full i1 result; no exit-code approximation.",execute.icmp.ugt.0 execute.icmp.ugt.1 execute.icmp.ugt.2 execute.icmp.ugt.3,llvm.icmp
execute.icmp.uge,icmp uge: signedness and equality,llvm-execution,execution,specified,"Compare signed and unsigned interpretations, returning the full i1 result; no exit-code approximation.",execute.icmp.uge.0 execute.icmp.uge.1 execute.icmp.uge.2 execute.icmp.uge.3,llvm.icmp
execute.intr.ctpop,intr.ctpop: integer intrinsics,llvm-execution,execution,specified,"Match independently calculated popcount, byte swap or bit reversal on defined i64 inputs.",execute.intr.ctpop.0 execute.intr.ctpop.1 execute.intr.ctpop.2 execute.intr.ctpop.3,llvm.intr.ctpop
execute.intr.bswap,intr.bswap: integer intrinsics,llvm-execution,execution,specified,"Match independently calculated popcount, byte swap or bit reversal on defined i64 inputs.",execute.intr.bswap.0 execute.intr.bswap.1 execute.intr.bswap.2 execute.intr.bswap.3,llvm.intr.bswap
execute.intr.bitreverse,intr.bitreverse: integer intrinsics,llvm-execution,execution,specified,"Match independently calculated popcount, byte swap or bit reversal on defined i64 inputs.",execute.intr.bitreverse.0 execute.intr.bitreverse.1 execute.intr.bitreverse.2 execute.intr.bitreverse.3,llvm.intr.bitreverse
program.select,Program: select,llvm-execution,execution,specified,"Execute this defined program against LLVM, including every returned bit and its control/data dependencies. Observations currently exclude external I/O and final memory.",program.select.original,llvm.select
transform.select,Optimization preserves select,transformations,transformation,specified,"canonicalize,cse,dce produces verified IR and preserves the original program's independently measured return value. This is bounded execution evidence, not a pass proof.",transform.select.optimized,llvm.select
program.memory,Program: memory,llvm-execution,execution,specified,"Execute this defined program against LLVM, including every returned bit and its control/data dependencies. Observations currently exclude external I/O and final memory.",program.memory.original,llvm.alloca llvm.store llvm.load
transform.memory,Optimization preserves memory,transformations,transformation,specified,"canonicalize,cse,dce produces verified IR and preserves the original program's independently measured return value. This is bounded execution evidence, not a pass proof.",transform.memory.optimized,llvm.alloca llvm.store llvm.load
program.branch,Program: branch,llvm-execution,execution,specified,"Execute this defined program against LLVM, including every returned bit and its control/data dependencies. Observations currently exclude external I/O and final memory.",program.branch.original,llvm.br llvm.cond_br
transform.branch,Optimization preserves branch,transformations,transformation,specified,"canonicalize,cse,dce produces verified IR and preserves the original program's independently measured return value. This is bounded execution evidence, not a pass proof.",transform.branch.optimized,llvm.br llvm.cond_br
program.fold-and-cse,Program: fold-and-cse,llvm-execution,execution,specified,"Execute this defined program against LLVM, including every returned bit and its control/data dependencies. Observations currently exclude external I/O and final memory.",program.fold-and-cse.original,llvm.add llvm.or
transform.fold-and-cse,Optimization preserves fold-and-cse,transformations,transformation,specified,"canonicalize,cse,dce produces verified IR and preserves the original program's independently measured return value. This is bounded execution evidence, not a pass proof.",transform.fold-and-cse.optimized,llvm.add llvm.or
model.poison.nsw,Model: nsw violation produces poison,veir-model,execution,specified,VeIR's documented flag encoding produces a typed poison result for this violating input; agreement with all LLVM poison contexts remains a separate obligation.,model.poison.nsw.violation,llvm.add
model.poison.nuw,Model: nuw violation produces poison,veir-model,execution,specified,VeIR's documented flag encoding produces a typed poison result for this violating input; agreement with all LLVM poison contexts remains a separate obligation.,model.poison.nuw.violation,llvm.add
model.poison.exact,Model: exact violation produces poison,veir-model,execution,specified,VeIR's documented flag encoding produces a typed poison result for this violating input; agreement with all LLVM poison contexts remains a separate obligation.,model.poison.exact.violation,llvm.udiv
model.poison.disjoint,Model: disjoint violation produces poison,veir-model,execution,specified,VeIR's documented flag encoding produces a typed poison result for this violating input; agreement with all LLVM poison contexts remains a separate obligation.,model.poison.disjoint.violation,llvm.or
model.ub.divide-zero,Model: division by zero is UB,veir-model,execution,specified,"Report undefined_behavior explicitly, without conflating it with success, unsupported interpretation or a crash.",model.ub.divide-zero.zero,llvm.udiv
model.byte-poison,Model: direct byte poison construction,veir-model,execution,specified,The accepted byte type must produce a value with every bit marked poison when constructed by llvm.mlir.poison; unsupported interpretation remains open.,model.byte-poison.i16,llvm.mlir.poison
execute.pointer-casts,Null pointer integer round-trip,llvm-execution,execution,specified,"On the explicitly selected 64-bit reference profile, converting integer zero to a pointer and back returns zero. This does not specify non-null pointer provenance.",execute.pointer-casts.null,llvm.inttoptr llvm.ptrtoint
contract.supported-programs,Choose required programs and dialects,project,verification,needs_decision,"Approve concrete end-to-end programs, input languages and excluded dialects. MLIR-wide parity is not an assumed requirement.",,
contract.observations,Approve observable behavior,project,execution,needs_decision,"Choose returned values, final memory, external calls, I/O, termination and divergence; define the supported ABI and data layout.",,
contract.refinement,Approve equality/refinement and failure semantics,project,proof,needs_decision,"Specify the correctness relation and review the .fail branch of Interp.isRefinedBy, which currently allows any target result. Missing interpretation cannot count as completion.",,
contract.trusted-boundary,Approve the trusted boundary,project,proof,needs_decision,"Name the parser, interpreter semantics, solver assumptions, axioms, external compiler and hardware trusted by each guarantee.",,
contract.compatibility-version,Choose the compatibility version policy,project,verification,needs_decision,"Decide whether MLIR compatibility targets a release, pinned commit or a moving range. Current measurements name one exact reference build.",,
proof.pass-correctness,Pass correctness with an axiom audit,transformations,proof,needs_tests,"Connect required pass theorems to the approved relation, compile them and audit transitive axioms. A successful ordinary Lean build does not establish an axiom-free theorem.",,
proof.model-fidelity,Validate the semantic model boundary,veir-model,proof,needs_decision,"Review integer, floating-point, memory, poison, undef, UB and unsupported behavior against the chosen external semantics, then name the fidelity claim.",,
execution.floating-point,Floating-point semantic coverage,llvm-execution,execution,needs_tests,"Cover signed zeros, infinities, NaNs, rounding and fast-math assumptions with an independent suitable oracle; current type tests are insufficient.",,
execution.vector-aggregate,Vector and aggregate execution,llvm-execution,execution,needs_tests,"Observe vector lanes and aggregate components, including poison; parser registration alone is insufficient.",,
execution.memory-model,"Memory, pointers and aliasing",llvm-execution,execution,needs_decision,"Approve allocation lifetime, provenance, alignment, aliasing, atomics and observable final memory before declaring memory conformance.",,
program.sqlite,SQLite end-to-end milestone,programs,regression,needs_decision,"Select a pinned SQLite program, compilation pipeline, workloads, expected observations and success criteria. Structural parse counts are not this milestone.",,
program.llvm-corpus,Pinned LLVM corpus regression,programs,regression,needs_tests,"Import strict registered round-trip results with complete manifests, exact revisions and explicit failures; exclude permissive parses from strict coverage.",,
core.ir-invariants,Core IR and rewrite invariants,core,verification,needs_tests,"Map existing unit tests to SSA, dominance, use lists, region ownership, cloning and mutation obligations; file counts alone do not close these obligations.",,
core.other-dialects,Scope the other VeIR dialects,core,verification,needs_decision,"Choose compatibility and correctness goals for arith, func, cf, machine dialects and VeIR-specific dialects separately.",,
mathieu.MF-S01,Rejection of `i0`,mathieu-audit,verification,needs_tests,"Audit this source observation against the pinned reference; select explicit positive controls, invalid cases and affected operations before closing it. Veir rejects direct scalar `i0` operands/results that MLIR accepts. This includes memory-intrinsic lengths, branch-forwarded values, and the scalar result of vector reduction; it is not a recursive check of aggregate element types.",,llvm.mlir.constant llvm.mlir.poison llvm.mlir.undef llvm.mlir.zero llvm.and llvm.or llvm.xor llvm.add llvm.sub llvm.shl llvm.lshr llvm.ashr llvm.intr.ctlz llvm.intr.cttz llvm.va_arg llvm.intr.memset llvm.intr.memcpy llvm.intr.memmove llvm.intr.ctpop llvm.intr.bswap llvm.intr.bitreverse llvm.intr.fshl llvm.intr.fshr llvm.intr.assume llvm.intr.vector.reduce.or llvm.mul llvm.sdiv llvm.udiv llvm.srem llvm.urem llvm.icmp llvm.select llvm.trunc llvm.sext llvm.zext llvm.br llvm.cond_br llvm.switch llvm.alloca llvm.load llvm.store llvm.getelementptr llvm.insertelement llvm.insertvalue llvm.extractvalue llvm.call llvm.call_intrinsic llvm.return llvm.sitofp llvm.uitofp llvm.fptosi llvm.fptoui llvm.freeze llvm.bitcast llvm.inttoptr llvm.ptrtoint llvm.intr.smax llvm.intr.smin llvm.intr.umax llvm.intr.umin llvm.intr.abs llvm.intr.sadd.sat llvm.intr.uadd.sat llvm.intr.ssub.sat llvm.intr.usub.sat llvm.intr.sshl.sat llvm.intr.ushl.sat
mathieu.MF-S02,Missing vector forms,mathieu-audit,verification,needs_tests,"Audit this source observation against the pinned reference; select explicit positive controls, invalid cases and affected operations before closing it. Veir restricts these operations to scalar forms accepted alongside vectors in MLIR. For `llvm.select`, this restriction concerns the condition.",,llvm.and llvm.or llvm.xor llvm.add llvm.sub llvm.shl llvm.lshr llvm.ashr llvm.intr.ctlz llvm.intr.cttz llvm.intr.ctpop llvm.intr.bswap llvm.intr.bitreverse llvm.intr.fshl llvm.intr.fshr llvm.mul llvm.sdiv llvm.udiv llvm.srem llvm.urem llvm.icmp llvm.select llvm.trunc llvm.sext llvm.zext llvm.fadd llvm.fsub llvm.fmul llvm.fdiv llvm.frem llvm.fneg llvm.fcmp llvm.sitofp llvm.uitofp llvm.fptosi llvm.fptoui llvm.fpext llvm.intr.fmuladd llvm.intr.fabs llvm.inttoptr llvm.ptrtoint llvm.intr.smax llvm.intr.smin llvm.intr.umax llvm.intr.umin llvm.intr.abs llvm.intr.sadd.sat llvm.intr.uadd.sat llvm.intr.ssub.sat llvm.intr.usub.sat llvm.intr.sshl.sat llvm.intr.ushl.sat
mathieu.MF-S03,Scalable vectors are not represented,mathieu-audit,verification,needs_tests,"Audit this source observation against the pinned reference; select explicit positive controls, invalid cases and affected operations before closing it. Veir cannot represent MLIR scalable vectors for these otherwise vector-capable operations.",,llvm.mlir.constant llvm.intr.vector.reduce.or llvm.insertelement llvm.freeze
mathieu.MF-S04,Different floating-point type support,mathieu-audit,verification,needs_tests,"Audit this source observation against the pinned reference; select explicit positive controls, invalid cases and affected operations before closing it. Veir accepts scalar float8 arithmetic/conversions rejected by MLIR, while its native float representation lacks f80/f128/ppc_fp128 forms accepted by MLIR.",,llvm.fadd llvm.fsub llvm.fmul llvm.fdiv llvm.frem llvm.fneg llvm.fcmp llvm.sitofp llvm.uitofp llvm.fptosi llvm.fptoui llvm.fpext llvm.intr.fmuladd llvm.intr.fabs
mathieu.MF-S05,Different LLVM-compatible type predicate,mathieu-audit,verification,needs_tests,"Audit this source observation against the pinned reference; select explicit positive controls, invalid cases and affected operations before closing it. Veir accepts multidimensional vectors, scalar float8, and arbitrary opaque `!llvm.*` spellings, but rejects modeled LLVM byte/function types. Its recursive array check also differs from MLIR’s outer-type predicate.",,llvm.va_arg llvm.call_intrinsic
mathieu.MF-S06,Missing LLVM-compatible value-type checks,mathieu-audit,verification,needs_tests,"Audit this source observation against the pinned reference; select explicit positive controls, invalid cases and affected operations before closing it. Veir accepts non-LLVM value types that MLIR rejects, such as `index`: results of poison/undef/zero/freeze, selected values of select, and bundle operands of assume.",,llvm.mlir.poison llvm.mlir.undef llvm.mlir.zero llvm.intr.assume llvm.select llvm.freeze
mathieu.MF-S07,Properties accepted on operations that declare none,mathieu-audit,verification,needs_tests,"Audit this source observation against the pinned reference; select explicit positive controls, invalid cases and affected operations before closing it. Veir accepts and discards supplied `<{...}>` properties; MLIR rejects them on these operations.",,llvm.mlir.poison llvm.mlir.undef llvm.mlir.zero llvm.and llvm.xor llvm.intr.lifetime.start llvm.intr.lifetime.end llvm.intr.vastart llvm.intr.vaend llvm.va_arg llvm.intr.ctpop llvm.intr.bswap llvm.intr.bitreverse llvm.intr.fshl llvm.intr.fshr llvm.intr.vector.reduce.or llvm.srem llvm.urem llvm.sext llvm.unreachable llvm.insertelement llvm.return llvm.sitofp llvm.fptosi llvm.fptoui llvm.freeze llvm.bitcast llvm.ptrtoint llvm.intr.smax llvm.intr.smin llvm.intr.umax llvm.intr.umin llvm.intr.sadd.sat llvm.intr.uadd.sat llvm.intr.ssub.sat llvm.intr.usub.sat llvm.intr.sshl.sat llvm.intr.ushl.sat
mathieu.MF-S08,Unknown property keys rejected,mathieu-audit,verification,needs_tests,"Audit this source observation against the pinned reference; select explicit positive controls, invalid cases and affected operations before closing it. Veir rejects unknown `<{...}>` keys that MLIR’s generated property conversion ignores. Memory intrinsics make exceptions for their explicitly tolerated bundle keys.",,llvm.mlir.constant llvm.intr.ctlz llvm.intr.cttz llvm.intr.memset llvm.intr.memcpy llvm.intr.memmove llvm.intr.assume llvm.icmp llvm.br llvm.cond_br llvm.switch llvm.fence llvm.insertvalue llvm.extractvalue llvm.call_intrinsic llvm.comdat llvm.comdat_selector llvm.fcmp llvm.intr.abs
mathieu.MF-S09,Overflow-flag decoding,mathieu-audit,verification,needs_tests,"Audit this source observation against the pinned reference; select explicit positive controls, invalid cases and affected operations before closing it. Veir accepts invalid overflow-flag bits, but rejects MLIR’s custom attribute form and non-i32 integer storage.",,llvm.add llvm.sub llvm.shl llvm.mul llvm.trunc
mathieu.MF-S10,Incomplete fast-math flag representation,mathieu-audit,verification,needs_tests,"Audit this source observation against the pinned reference; select explicit positive controls, invalid cases and affected operations before closing it. Veir represents only `nnan`, `ninf`, and `nsz`; other MLIR fast-math flags are unsupported or lost.",,llvm.call_intrinsic llvm.fadd llvm.fsub llvm.fmul llvm.fdiv llvm.frem llvm.fneg llvm.fcmp llvm.intr.fmuladd llvm.intr.fabs
mathieu.MF-S11,Fast-math properties ignored entirely,mathieu-audit,verification,needs_tests,"Audit this source observation against the pinned reference; select explicit positive controls, invalid cases and affected operations before closing it. Veir ignores malformed `fastmathFlags` rejected by MLIR and drops valid flags.",,llvm.select llvm.fpext
mathieu.MF-S12,"Missing access-group, alias-scope, and TBAA checks",mathieu-audit,verification,needs_tests,"Audit this source observation against the pinned reference; select explicit positive controls, invalid cases and affected operations before closing it. Veir misses metadata element-kind checks performed by MLIR’s AccessGroupOpInterface/AliasAnalysisOpInterface and ODS constraints.",,llvm.intr.memset llvm.intr.memcpy llvm.intr.memmove llvm.load llvm.store llvm.call
mathieu.MF-S13,Missing atomic memory checks,mathieu-audit,verification,needs_tests,"Audit this source observation against the pinned reference; select explicit positive controls, invalid cases and affected operations before closing it. Veir discards ordering and misses MLIR’s atomic ordering, type, explicit-alignment, and syncscope rules.",,llvm.load llvm.store
mathieu.MF-S14,Missing dereferenceable metadata checks,mathieu-audit,verification,needs_tests,"Audit this source observation against the pinned reference; select explicit positive controls, invalid cases and affected operations before closing it. Veir ignores malformed dereferenceable metadata rejected by MLIR. On load, it also misses DereferenceableOpInterface’s pointer-result restriction.",,llvm.load llvm.inttoptr
mathieu.MF-S15,Overly strict argument/result attribute lengths,mathieu-audit,verification,needs_tests,"Audit this source observation against the pinned reference; select explicit positive controls, invalid cases and affected operations before closing it. Veir requires exactly three `arg_attrs` entries and zero `res_attrs` entries; MLIR does not verify these lengths.",,llvm.intr.memset llvm.intr.memcpy llvm.intr.memmove
mathieu.MF-S16,Relaxed shift operand types,mathieu-audit,verification,needs_tests,"Audit this source observation against the pinned reference; select explicit positive controls, invalid cases and affected operations before closing it. Veir accepts unequal operand widths and byte-type left operands rejected by MLIR’s operand constraints and type-matching trait.",,llvm.shl llvm.lshr
mathieu.MF-S17,Aggregate verification stops at structs,mathieu-audit,verification,needs_tests,"Audit this source observation against the pinned reference; select explicit positive controls, invalid cases and affected operations before closing it. Veir skips the remaining path, bounds, and value/result-type checks once traversal reaches a struct, including opaque structs MLIR cannot index. It also lacks full LLVM-container compatibility checks; insertvalue additionally lacks the primitive-value restriction, and extractvalue can produce non-LLVM results.",,llvm.insertvalue llvm.extractvalue
mathieu.MF-S18,Different handling of oversized aggregate indices,mathieu-audit,verification,needs_tests,"Audit this source observation against the pinned reference; select explicit positive controls, invalid cases and affected operations before closing it. Veir rejects large indices that MLIR’s unsigned bounds comparison can wrap, such as 4294967296 for an array of length one. This is a source-observed edge case.",,llvm.insertvalue llvm.extractvalue
mathieu.MF-S19,Symbol resolution and uniqueness ignore scopes,mathieu-audit,verification,needs_tests,"Audit this source observation against the pinned reference; select explicit positive controls, invalid cases and affected operations before closing it. Veir uses context-wide lookup instead of MLIR symbol-table scopes. This can resolve unrelated symbols or reject legal repeated names. Its global/comdat/function checks also miss some containing-table cross-kind collisions and symbol visibility constraints.",,llvm.mlir.global llvm.mlir.addressof llvm.func llvm.comdat llvm.comdat_selector
mathieu.MF-S20,Register compatibility used instead of exact type equality,mathieu-audit,verification,needs_tests,"Audit this source observation against the pinned reference; select explicit positive controls, invalid cases and affected operations before closing it. Veir can accept register-compatible types where MLIR requires exact equality for forwarded or returned values.",,llvm.br llvm.cond_br llvm.switch llvm.return
mathieu.MF-S21,Missing branch-weight validation,mathieu-audit,verification,needs_tests,"Audit this source observation against the pinned reference; select explicit positive controls, invalid cases and affected operations before closing it. Veir misses MLIR’s prohibition on all-zero weights. For switch, it also misses the requirement that nonempty weights match the successor count.",,llvm.cond_br llvm.switch
mathieu.MF-O01,llvm.mlir.constant,mathieu-audit,verification,needs_tests,"Audit this source observation against the pinned reference; select explicit positive controls, invalid cases and affected operations before closing it. Veir compares float widths instead of semantics, accepting a bf16 value with an f16 result. Veir misses dense payload/count validation, scalable-splat requirements, nested-array element checks, and general LLVM result-type restrictions. Veir rejects dense integer width changes, float-to-integer dense reinterpretation, struct/array attribute constants, and non-dense ElementsAttr forms accepted by MLIR. Its scalar float-constant result restriction is also narrower.",,llvm.mlir.constant
mathieu.MF-O02,llvm.mlir.zero,mathieu-audit,verification,needs_tests,"Audit this source observation against the pinned reference; select explicit positive controls, invalid cases and affected operations before closing it. Veir misses target-extension `HasZeroInit` checks and rejects void/function results accepted by MLIR verification.",,llvm.mlir.zero
mathieu.MF-O03,llvm.mlir.global,mathieu-audit,verification,needs_tests,"Audit this source observation against the pinned reference; select explicit positive controls, invalid cases and affected operations before closing it. Veir misses global-type/placement rules, nonnegative address spaces, string initializer type/length, target-extension restrictions, and the array requirement for appending linkage. Veir misses single-block/return-terminator and initializer side-effect checks, plus most additional property constraints, including unit-valued `thread_local_`. Veir accepts unrecognized nonzero common-linkage initializers, but rejects negative floating zero accepted by MLIR.",,llvm.mlir.global
mathieu.MF-O04,llvm.mlir.addressof,mathieu-audit,verification,needs_tests,"Audit this source observation against the pinned reference; select explicit positive controls, invalid cases and affected operations before closing it. Veir misses address-space agreement and rejects alias/ifunc targets accepted by MLIR.",,llvm.mlir.addressof
mathieu.MF-O05,llvm.intr.bswap,mathieu-audit,verification,needs_tests,"Audit this source observation against the pinned reference; select explicit positive controls, invalid cases and affected operations before closing it. Veir restricts widths to 16, 32, or 64; MLIR verification accepts others, such as i128.",,llvm.intr.bswap
mathieu.MF-O06,llvm.intr.vector.reduce.or,mathieu-audit,verification,needs_tests,"Audit this source observation against the pinned reference; select explicit positive controls, invalid cases and affected operations before closing it. Veir requires a scalar result; MLIR’s element-type trait also accepts vector results.",,llvm.intr.vector.reduce.or
mathieu.MF-O07,llvm.icmp,mathieu-audit,verification,needs_tests,"Audit this source observation against the pinned reference; select explicit positive controls, invalid cases and affected operations before closing it. Veir accepts non-i64 predicate attributes rejected by MLIR.",,llvm.icmp
mathieu.MF-O08,llvm.trunc,mathieu-audit,verification,needs_tests,"Audit this source observation against the pinned reference; select explicit positive controls, invalid cases and affected operations before closing it. Veir requires narrowing, rejecting same-width/widening casts accepted by MLIR; it also accepts byte-to-byte casts rejected by MLIR.",,llvm.trunc
mathieu.MF-O09,llvm.br,mathieu-audit,verification,needs_tests,"Audit this source observation against the pinned reference; select explicit positive controls, invalid cases and affected operations before closing it. Veir misses the ODS LLVM-type restriction on forwarded operands.",,llvm.br
mathieu.MF-O10,llvm.cond_br,mathieu-audit,verification,needs_tests,"Audit this source observation against the pinned reference; select explicit positive controls, invalid cases and affected operations before closing it. Veir misses the i1 condition check, LLVM-type restriction on forwarded operands, and i32 segment/weight storage checks.",,llvm.cond_br
mathieu.MF-O11,llvm.switch,mathieu-audit,verification,needs_tests,"Audit this source observation against the pinned reference; select explicit positive controls, invalid cases and affected operations before closing it. Veir misses the integer selector, case count/type agreement, integer case elements, and i32 case-segment/weight checks.",,llvm.switch
mathieu.MF-O12,llvm.alloca,mathieu-audit,verification,needs_tests,"Audit this source observation against the pinned reference; select explicit positive controls, invalid cases and affected operations before closing it. Veir misses integer allocation-size, pointer-result, and target-extension memory-support checks.",,llvm.alloca
mathieu.MF-O13,llvm.load,mathieu-audit,verification,needs_tests,"Audit this source observation against the pinned reference; select explicit positive controls, invalid cases and affected operations before closing it. Veir misses pointer-address and loadable-result constraints.",,llvm.load
mathieu.MF-O14,llvm.store,mathieu-audit,verification,needs_tests,"Audit this source observation against the pinned reference; select explicit positive controls, invalid cases and affected operations before closing it. Veir misses pointer-address and loadable-value constraints.",,llvm.store
mathieu.MF-O15,llvm.getelementptr,mathieu-audit,verification,needs_tests,"Audit this source observation against the pinned reference; select explicit positive controls, invalid cases and affected operations before closing it. Veir misses pointer/integer type constraints, i32 raw indices, valid GEP flag bits, and rejection of bare `inboundsFlag`. Veir misses aggregate traversal and constant/in-bounds struct-index checks.",,llvm.getelementptr
mathieu.MF-O16,llvm.insertelement,mathieu-audit,verification,needs_tests,"Audit this source observation against the pinned reference; select explicit positive controls, invalid cases and affected operations before closing it. Veir rejects f80/f128 and non-native pointer-interface vector elements accepted by MLIR.",,llvm.insertelement
mathieu.MF-O17,llvm.call,mathieu-audit,verification,needs_tests,"Audit this source observation against the pinned reference; select explicit positive controls, invalid cases and affected operations before closing it. Veir misses direct symbol resolution/signatures, the requirement for a callee symbol or operand, indirect pointer checks, variadic rules, and LLVM operand/result types. Veir misses operand segmentation, bundle metadata, property types/enums, and the debug-location requirement.",,llvm.call
mathieu.MF-O18,llvm.return,mathieu-audit,verification,needs_tests,"Audit this source observation against the pinned reference; select explicit positive controls, invalid cases and affected operations before closing it. Veir requires an immediate llvm.func/global parent; MLIR permits other placement, including nested regions under an LLVM function. Veir misses the universal LLVM-type and at-most-one-operand restrictions.",,llvm.return
mathieu.MF-O19,llvm.func,mathieu-audit,verification,needs_tests,"Audit this source observation against the pinned reference; select explicit positive controls, invalid cases and affected operations before closing it. Veir misses FunctionOpInterface entry-signature, argument/result attribute, and dialect callback checks, plus LLVM-compatible definition entry types. Veir misses linkage rules, conflicting definition attributes, exception-type consistency, and block-tag uniqueness. Veir permits signature components/multiple results rejected by LLVMFunctionType and leaves most additional property constraints unchecked.",,llvm.func
mathieu.MF-O20,llvm.module_flags,mathieu-audit,verification,needs_tests,"Audit this source observation against the pinned reference; select explicit positive controls, invalid cases and affected operations before closing it. Veir misses module placement, ModuleFlagAttrInterface requirements, key/value schemas, and duplicate non-Require keys.",,llvm.module_flags
mathieu.MF-O21,llvm.freeze,mathieu-audit,verification,needs_tests,"Audit this source observation against the pinned reference; select explicit positive controls, invalid cases and affected operations before closing it. Veir requires exact type equality; MLIR’s type trait does not compare vector scalability flags.",,llvm.freeze
mathieu.MF-O22,llvm.bitcast,mathieu-audit,verification,needs_tests,"Audit this source observation against the pinned reference; select explicit positive controls, invalid cases and affected operations before closing it. Veir enforces equal computed widths, rejecting nonpointer width changes accepted by MLIR. Veir accepts pointer/integer, cross-address-space pointer, and pointer-to-single-element-pointer-vector casts rejected by MLIR; its pointer width is hardcoded to 64. Veir accepts aggregate/unsupported-type pairs when both widths are unknown.",,llvm.bitcast
mathieu.MF-O23,llvm.intr.abs,mathieu-audit,verification,needs_tests,"Audit this source observation against the pinned reference; select explicit positive controls, invalid cases and affected operations before closing it. Veir requires the result type to equal the operand type; MLIR does not.",,llvm.intr.abs
upstream.addressof_function.verification,addressof function · verification,llvm-compat,verification,specified,Both tools accept the original upstream fixture with registered LLVM operations.,upstream.addressof_function.verification.fixture,llvm.func llvm.mlir.addressof llvm.mlir.global llvm.return
upstream.addressof_function.roundtrip,addressof function · roundtrip,llvm-compat,roundtrip,specified,"Preserve all properties and structure of this pinned upstream fixture through strict VeIR parsing/printing, as judged by independent canonical MLIR and stable VeIR reprinting. This is a file-level contract, not complete operation semantics.",upstream.addressof_function.roundtrip.fixture,llvm.func llvm.mlir.addressof llvm.mlir.global llvm.return
upstream.addressof_quoted_global.verification,addressof quoted global · verification,llvm-compat,verification,specified,Both tools accept the original upstream fixture with registered LLVM operations.,upstream.addressof_quoted_global.verification.fixture,llvm.func llvm.mlir.addressof llvm.mlir.constant llvm.mlir.global llvm.return
upstream.addressof_quoted_global.roundtrip,addressof quoted global · roundtrip,llvm-compat,roundtrip,specified,"Preserve all properties and structure of this pinned upstream fixture through strict VeIR parsing/printing, as judged by independent canonical MLIR and stable VeIR reprinting. This is a file-level contract, not complete operation semantics.",upstream.addressof_quoted_global.roundtrip.fixture,llvm.func llvm.mlir.addressof llvm.mlir.constant llvm.mlir.global llvm.return
upstream.alias.verification,alias · verification,llvm-compat,verification,specified,Both tools accept the original upstream fixture with registered LLVM operations.,upstream.alias.verification.fixture,llvm.func llvm.mlir.addressof llvm.mlir.alias llvm.mlir.global llvm.return
upstream.alias.roundtrip,alias · roundtrip,llvm-compat,roundtrip,specified,"Preserve all properties and structure of this pinned upstream fixture through strict VeIR parsing/printing, as judged by independent canonical MLIR and stable VeIR reprinting. This is a file-level contract, not complete operation semantics.",upstream.alias.roundtrip.fixture,llvm.func llvm.mlir.addressof llvm.mlir.alias llvm.mlir.global llvm.return
upstream.assume.verification,assume · verification,llvm-compat,verification,specified,Both tools accept the original upstream fixture with registered LLVM operations.,upstream.assume.verification.fixture,llvm.func llvm.intr.assume llvm.mlir.constant llvm.return
upstream.assume.roundtrip,assume · roundtrip,llvm-compat,roundtrip,specified,"Preserve all properties and structure of this pinned upstream fixture through strict VeIR parsing/printing, as judged by independent canonical MLIR and stable VeIR reprinting. This is a file-level contract, not complete operation semantics.",upstream.assume.roundtrip.fixture,llvm.func llvm.intr.assume llvm.mlir.constant llvm.return
upstream.call.verification,call · verification,llvm-compat,verification,specified,Both tools accept the original upstream fixture with registered LLVM operations.,upstream.call.verification.fixture,llvm.call llvm.func llvm.return
upstream.call.roundtrip,call · roundtrip,llvm-compat,roundtrip,specified,"Preserve all properties and structure of this pinned upstream fixture through strict VeIR parsing/printing, as judged by independent canonical MLIR and stable VeIR reprinting. This is a file-level contract, not complete operation semantics.",upstream.call.roundtrip.fixture,llvm.call llvm.func llvm.return
upstream.call_indirect.verification,call indirect · verification,llvm-compat,verification,specified,Both tools accept the original upstream fixture with registered LLVM operations.,upstream.call_indirect.verification.fixture,llvm.call llvm.func llvm.return
upstream.call_indirect.roundtrip,call indirect · roundtrip,llvm-compat,roundtrip,specified,"Preserve all properties and structure of this pinned upstream fixture through strict VeIR parsing/printing, as judged by independent canonical MLIR and stable VeIR reprinting. This is a file-level contract, not complete operation semantics.",upstream.call_indirect.roundtrip.fixture,llvm.call llvm.func llvm.return
upstream.call_intrinsic.verification,call intrinsic · verification,llvm-compat,verification,specified,Both tools accept the original upstream fixture with registered LLVM operations.,upstream.call_intrinsic.verification.fixture,llvm.call_intrinsic llvm.func llvm.return
upstream.call_intrinsic.roundtrip,call intrinsic · roundtrip,llvm-compat,roundtrip,specified,"Preserve all properties and structure of this pinned upstream fixture through strict VeIR parsing/printing, as judged by independent canonical MLIR and stable VeIR reprinting. This is a file-level contract, not complete operation semantics.",upstream.call_intrinsic.roundtrip.fixture,llvm.call_intrinsic llvm.func llvm.return
upstream.cconv-linkage.verification,cconv-linkage · verification,llvm-compat,verification,specified,Both tools accept the original upstream fixture with registered LLVM operations.,upstream.cconv-linkage.verification.fixture,llvm.func llvm.unreachable
upstream.cconv-linkage.roundtrip,cconv-linkage · roundtrip,llvm-compat,roundtrip,specified,"Preserve all properties and structure of this pinned upstream fixture through strict VeIR parsing/printing, as judged by independent canonical MLIR and stable VeIR reprinting. This is a file-level contract, not complete operation semantics.",upstream.cconv-linkage.roundtrip.fixture,llvm.func llvm.unreachable
upstream.comdat.verification,comdat · verification,llvm-compat,verification,specified,Both tools accept the original upstream fixture with registered LLVM operations.,upstream.comdat.verification.fixture,llvm.comdat llvm.comdat_selector llvm.func llvm.mlir.global
upstream.comdat.roundtrip,comdat · roundtrip,llvm-compat,roundtrip,specified,"Preserve all properties and structure of this pinned upstream fixture through strict VeIR parsing/printing, as judged by independent canonical MLIR and stable VeIR reprinting. This is a file-level contract, not complete operation semantics.",upstream.comdat.roundtrip.fixture,llvm.comdat llvm.comdat_selector llvm.func llvm.mlir.global
upstream.constant_attr_width_normalization.verification,constant attr width normalization · verification,llvm-compat,verification,specified,Both tools accept the original upstream fixture with registered LLVM operations.,upstream.constant_attr_width_normalization.verification.fixture,llvm.func llvm.mlir.constant llvm.return
upstream.constant_attr_width_normalization.roundtrip,constant attr width normalization · roundtrip,llvm-compat,roundtrip,specified,"Preserve all properties and structure of this pinned upstream fixture through strict VeIR parsing/printing, as judged by independent canonical MLIR and stable VeIR reprinting. This is a file-level contract, not complete operation semantics.",upstream.constant_attr_width_normalization.roundtrip.fixture,llvm.func llvm.mlir.constant llvm.return
upstream.constant_dense_vector.verification,constant dense vector · verification,llvm-compat,verification,specified,Both tools accept the original upstream fixture with registered LLVM operations.,upstream.constant_dense_vector.verification.fixture,llvm.func llvm.mlir.constant llvm.return
upstream.constant_dense_vector.roundtrip,constant dense vector · roundtrip,llvm-compat,roundtrip,specified,"Preserve all properties and structure of this pinned upstream fixture through strict VeIR parsing/printing, as judged by independent canonical MLIR and stable VeIR reprinting. This is a file-level contract, not complete operation semantics.",upstream.constant_dense_vector.roundtrip.fixture,llvm.func llvm.mlir.constant llvm.return
upstream.constant_range.verification,constant range · verification,llvm-compat,verification,specified,Both tools accept the original upstream fixture with registered LLVM operations.,upstream.constant_range.verification.fixture,llvm.func llvm.mlir.constant llvm.return
upstream.constant_range.roundtrip,constant range · roundtrip,llvm-compat,roundtrip,specified,"Preserve all properties and structure of this pinned upstream fixture through strict VeIR parsing/printing, as judged by independent canonical MLIR and stable VeIR reprinting. This is a file-level contract, not complete operation semantics.",upstream.constant_range.roundtrip.fixture,llvm.func llvm.mlir.constant llvm.return
upstream.exact_disjoint.verification,exact disjoint · verification,llvm-compat,verification,specified,Both tools accept the original upstream fixture with registered LLVM operations.,upstream.exact_disjoint.verification.fixture,llvm.ashr llvm.func llvm.lshr llvm.or llvm.return llvm.sdiv llvm.udiv
upstream.exact_disjoint.roundtrip,exact disjoint · roundtrip,llvm-compat,roundtrip,specified,"Preserve all properties and structure of this pinned upstream fixture through strict VeIR parsing/printing, as judged by independent canonical MLIR and stable VeIR reprinting. This is a file-level contract, not complete operation semantics.",upstream.exact_disjoint.roundtrip.fixture,llvm.ashr llvm.func llvm.lshr llvm.or llvm.return llvm.sdiv llvm.udiv
upstream.extractvalue.verification,extractvalue · verification,llvm-compat,verification,specified,Both tools accept the original upstream fixture with registered LLVM operations.,upstream.extractvalue.verification.fixture,llvm.extractvalue llvm.func llvm.mlir.undef llvm.return
upstream.extractvalue.roundtrip,extractvalue · roundtrip,llvm-compat,roundtrip,specified,"Preserve all properties and structure of this pinned upstream fixture through strict VeIR parsing/printing, as judged by independent canonical MLIR and stable VeIR reprinting. This is a file-level contract, not complete operation semantics.",upstream.extractvalue.roundtrip.fixture,llvm.extractvalue llvm.func llvm.mlir.undef llvm.return
upstream.fcmp.verification,fcmp · verification,llvm-compat,verification,specified,Both tools accept the original upstream fixture with registered LLVM operations.,upstream.fcmp.verification.fixture,llvm.fcmp llvm.func llvm.return
upstream.fcmp.roundtrip,fcmp · roundtrip,llvm-compat,roundtrip,specified,"Preserve all properties and structure of this pinned upstream fixture through strict VeIR parsing/printing, as judged by independent canonical MLIR and stable VeIR reprinting. This is a file-level contract, not complete operation semantics.",upstream.fcmp.roundtrip.fixture,llvm.fcmp llvm.func llvm.return
upstream.fence.verification,fence · verification,llvm-compat,verification,specified,Both tools accept the original upstream fixture with registered LLVM operations.,upstream.fence.verification.fixture,llvm.fence llvm.func llvm.return
upstream.fence.roundtrip,fence · roundtrip,llvm-compat,roundtrip,specified,"Preserve all properties and structure of this pinned upstream fixture through strict VeIR parsing/printing, as judged by independent canonical MLIR and stable VeIR reprinting. This is a file-level contract, not complete operation semantics.",upstream.fence.roundtrip.fixture,llvm.fence llvm.func llvm.return
upstream.func_properties.verification,func properties · verification,llvm-compat,verification,specified,Both tools accept the original upstream fixture with registered LLVM operations.,upstream.func_properties.verification.fixture,llvm.func llvm.return
upstream.func_properties.roundtrip,func properties · roundtrip,llvm-compat,roundtrip,specified,"Preserve all properties and structure of this pinned upstream fixture through strict VeIR parsing/printing, as judged by independent canonical MLIR and stable VeIR reprinting. This is a file-level contract, not complete operation semantics.",upstream.func_properties.roundtrip.fixture,llvm.func llvm.return
upstream.global_initializer.verification,global initializer · verification,llvm-compat,verification,specified,Both tools accept the original upstream fixture with registered LLVM operations.,upstream.global_initializer.verification.fixture,llvm.insertvalue llvm.mlir.constant llvm.mlir.global llvm.mlir.undef llvm.return
upstream.global_initializer.roundtrip,global initializer · roundtrip,llvm-compat,roundtrip,specified,"Preserve all properties and structure of this pinned upstream fixture through strict VeIR parsing/printing, as judged by independent canonical MLIR and stable VeIR reprinting. This is a file-level contract, not complete operation semantics.",upstream.global_initializer.roundtrip.fixture,llvm.insertvalue llvm.mlir.constant llvm.mlir.global llvm.mlir.undef llvm.return
upstream.global_initializer_forms.verification,global initializer forms · verification,llvm-compat,verification,specified,Both tools accept the original upstream fixture with registered LLVM operations.,upstream.global_initializer_forms.verification.fixture,llvm.mlir.constant llvm.mlir.global llvm.return
upstream.global_initializer_forms.roundtrip,global initializer forms · roundtrip,llvm-compat,roundtrip,specified,"Preserve all properties and structure of this pinned upstream fixture through strict VeIR parsing/printing, as judged by independent canonical MLIR and stable VeIR reprinting. This is a file-level contract, not complete operation semantics.",upstream.global_initializer_forms.roundtrip.fixture,llvm.mlir.constant llvm.mlir.global llvm.return
upstream.global_load_store.verification,global load store · verification,llvm-compat,verification,specified,Both tools accept the original upstream fixture with registered LLVM operations.,upstream.global_load_store.verification.fixture,llvm.add llvm.func llvm.load llvm.mlir.addressof llvm.mlir.constant llvm.mlir.global llvm.return llvm.store
upstream.global_load_store.roundtrip,global load store · roundtrip,llvm-compat,roundtrip,specified,"Preserve all properties and structure of this pinned upstream fixture through strict VeIR parsing/printing, as judged by independent canonical MLIR and stable VeIR reprinting. This is a file-level contract, not complete operation semantics.",upstream.global_load_store.roundtrip.fixture,llvm.add llvm.func llvm.load llvm.mlir.addressof llvm.mlir.constant llvm.mlir.global llvm.return llvm.store
upstream.global_optional_alignment.verification,global optional alignment · verification,llvm-compat,verification,specified,Both tools accept the original upstream fixture with registered LLVM operations.,upstream.global_optional_alignment.verification.fixture,llvm.mlir.global
upstream.global_optional_alignment.roundtrip,global optional alignment · roundtrip,llvm-compat,roundtrip,specified,"Preserve all properties and structure of this pinned upstream fixture through strict VeIR parsing/printing, as judged by independent canonical MLIR and stable VeIR reprinting. This is a file-level contract, not complete operation semantics.",upstream.global_optional_alignment.roundtrip.fixture,llvm.mlir.global
upstream.insertelement.verification,insertelement · verification,llvm-compat,verification,specified,Both tools accept the original upstream fixture with registered LLVM operations.,upstream.insertelement.verification.fixture,llvm.func llvm.insertelement llvm.mlir.constant llvm.mlir.poison llvm.return
upstream.insertelement.roundtrip,insertelement · roundtrip,llvm-compat,roundtrip,specified,"Preserve all properties and structure of this pinned upstream fixture through strict VeIR parsing/printing, as judged by independent canonical MLIR and stable VeIR reprinting. This is a file-level contract, not complete operation semantics.",upstream.insertelement.roundtrip.fixture,llvm.func llvm.insertelement llvm.mlir.constant llvm.mlir.poison llvm.return
upstream.insertvalue.verification,insertvalue · verification,llvm-compat,verification,specified,Both tools accept the original upstream fixture with registered LLVM operations.,upstream.insertvalue.verification.fixture,llvm.func llvm.insertvalue llvm.mlir.constant llvm.mlir.global llvm.mlir.undef llvm.mlir.zero llvm.return
upstream.insertvalue.roundtrip,insertvalue · roundtrip,llvm-compat,roundtrip,specified,"Preserve all properties and structure of this pinned upstream fixture through strict VeIR parsing/printing, as judged by independent canonical MLIR and stable VeIR reprinting. This is a file-level contract, not complete operation semantics.",upstream.insertvalue.roundtrip.fixture,llvm.func llvm.insertvalue llvm.mlir.constant llvm.mlir.global llvm.mlir.undef llvm.mlir.zero llvm.return
upstream.lifetime.verification,lifetime · verification,llvm-compat,verification,specified,Both tools accept the original upstream fixture with registered LLVM operations.,upstream.lifetime.verification.fixture,llvm.alloca llvm.func llvm.intr.lifetime.end llvm.intr.lifetime.start llvm.load llvm.mlir.constant llvm.return
upstream.lifetime.roundtrip,lifetime · roundtrip,llvm-compat,roundtrip,specified,"Preserve all properties and structure of this pinned upstream fixture through strict VeIR parsing/printing, as judged by independent canonical MLIR and stable VeIR reprinting. This is a file-level contract, not complete operation semantics.",upstream.lifetime.roundtrip.fixture,llvm.alloca llvm.func llvm.intr.lifetime.end llvm.intr.lifetime.start llvm.load llvm.mlir.constant llvm.return
upstream.loop_annotation.verification,loop annotation · verification,llvm-compat,verification,specified,Both tools accept the original upstream fixture with registered LLVM operations.,upstream.loop_annotation.verification.fixture,llvm.br llvm.cond_br llvm.func llvm.return
upstream.loop_annotation.roundtrip,loop annotation · roundtrip,llvm-compat,roundtrip,specified,"Preserve all properties and structure of this pinned upstream fixture through strict VeIR parsing/printing, as judged by independent canonical MLIR and stable VeIR reprinting. This is a file-level contract, not complete operation semantics.",upstream.loop_annotation.roundtrip.fixture,llvm.br llvm.cond_br llvm.func llvm.return
upstream.mem_intrinsics.verification,mem intrinsics · verification,llvm-compat,verification,specified,Both tools accept the original upstream fixture with registered LLVM operations.,upstream.mem_intrinsics.verification.fixture,llvm.func llvm.intr.memcpy llvm.intr.memmove llvm.intr.memset llvm.return
upstream.mem_intrinsics.roundtrip,mem intrinsics · roundtrip,llvm-compat,roundtrip,specified,"Preserve all properties and structure of this pinned upstream fixture through strict VeIR parsing/printing, as judged by independent canonical MLIR and stable VeIR reprinting. This is a file-level contract, not complete operation semantics.",upstream.mem_intrinsics.roundtrip.fixture,llvm.func llvm.intr.memcpy llvm.intr.memmove llvm.intr.memset llvm.return
upstream.mem_intrinsics_bundles.verification,mem intrinsics bundles · verification,llvm-compat,verification,specified,Both tools accept the original upstream fixture with registered LLVM operations.,upstream.mem_intrinsics_bundles.verification.fixture,llvm.func llvm.intr.memcpy llvm.intr.memmove llvm.return
upstream.mem_intrinsics_bundles.roundtrip,mem intrinsics bundles · roundtrip,llvm-compat,roundtrip,specified,"Preserve all properties and structure of this pinned upstream fixture through strict VeIR parsing/printing, as judged by independent canonical MLIR and stable VeIR reprinting. This is a file-level contract, not complete operation semantics.",upstream.mem_intrinsics_bundles.roundtrip.fixture,llvm.func llvm.intr.memcpy llvm.intr.memmove llvm.return
upstream.memory_effects.verification,memory effects · verification,llvm-compat,verification,specified,Both tools accept the original upstream fixture with registered LLVM operations.,upstream.memory_effects.verification.fixture,llvm.call llvm.func llvm.load llvm.return
upstream.memory_effects.roundtrip,memory effects · roundtrip,llvm-compat,roundtrip,specified,"Preserve all properties and structure of this pinned upstream fixture through strict VeIR parsing/printing, as judged by independent canonical MLIR and stable VeIR reprinting. This is a file-level contract, not complete operation semantics.",upstream.memory_effects.roundtrip.fixture,llvm.call llvm.func llvm.load llvm.return
upstream.mlir_undef.verification,mlir undef · verification,llvm-compat,verification,specified,Both tools accept the original upstream fixture with registered LLVM operations.,upstream.mlir_undef.verification.fixture,llvm.func llvm.mlir.global llvm.mlir.undef llvm.return
upstream.mlir_undef.roundtrip,mlir undef · roundtrip,llvm-compat,roundtrip,specified,"Preserve all properties and structure of this pinned upstream fixture through strict VeIR parsing/printing, as judged by independent canonical MLIR and stable VeIR reprinting. This is a file-level contract, not complete operation semantics.",upstream.mlir_undef.roundtrip.fixture,llvm.func llvm.mlir.global llvm.mlir.undef llvm.return
upstream.mlir_zero.verification,mlir zero · verification,llvm-compat,verification,specified,Both tools accept the original upstream fixture with registered LLVM operations.,upstream.mlir_zero.verification.fixture,llvm.func llvm.mlir.zero llvm.return
upstream.mlir_zero.roundtrip,mlir zero · roundtrip,llvm-compat,roundtrip,specified,"Preserve all properties and structure of this pinned upstream fixture through strict VeIR parsing/printing, as judged by independent canonical MLIR and stable VeIR reprinting. This is a file-level contract, not complete operation semantics.",upstream.mlir_zero.roundtrip.fixture,llvm.func llvm.mlir.zero llvm.return
upstream.ptr_int_casts.verification,ptr int casts · verification,llvm-compat,verification,specified,Both tools accept the original upstream fixture with registered LLVM operations.,upstream.ptr_int_casts.verification.fixture,llvm.and llvm.func llvm.inttoptr llvm.mlir.constant llvm.ptrtoint llvm.return
upstream.ptr_int_casts.roundtrip,ptr int casts · roundtrip,llvm-compat,roundtrip,specified,"Preserve all properties and structure of this pinned upstream fixture through strict VeIR parsing/printing, as judged by independent canonical MLIR and stable VeIR reprinting. This is a file-level contract, not complete operation semantics.",upstream.ptr_int_casts.roundtrip.fixture,llvm.and llvm.func llvm.inttoptr llvm.mlir.constant llvm.ptrtoint llvm.return
upstream.store.verification,store · verification,llvm-compat,verification,specified,Both tools accept the original upstream fixture with registered LLVM operations.,upstream.store.verification.fixture,llvm.alloca llvm.func llvm.load llvm.mlir.constant llvm.return llvm.store
upstream.store.roundtrip,store · roundtrip,llvm-compat,roundtrip,specified,"Preserve all properties and structure of this pinned upstream fixture through strict VeIR parsing/printing, as judged by independent canonical MLIR and stable VeIR reprinting. This is a file-level contract, not complete operation semantics.",upstream.store.roundtrip.fixture,llvm.alloca llvm.func llvm.load llvm.mlir.constant llvm.return llvm.store
upstream.switch.verification,switch · verification,llvm-compat,verification,specified,Both tools accept the original upstream fixture with registered LLVM operations.,upstream.switch.verification.fixture,llvm.func llvm.mlir.constant llvm.return llvm.switch
upstream.switch.roundtrip,switch · roundtrip,llvm-compat,roundtrip,specified,"Preserve all properties and structure of this pinned upstream fixture through strict VeIR parsing/printing, as judged by independent canonical MLIR and stable VeIR reprinting. This is a file-level contract, not complete operation semantics.",upstream.switch.roundtrip.fixture,llvm.func llvm.mlir.constant llvm.return llvm.switch
upstream.tbaa.verification,tbaa · verification,llvm-compat,verification,specified,Both tools accept the original upstream fixture with registered LLVM operations.,upstream.tbaa.verification.fixture,llvm.func llvm.load llvm.return llvm.store
upstream.tbaa.roundtrip,tbaa · roundtrip,llvm-compat,roundtrip,specified,"Preserve all properties and structure of this pinned upstream fixture through strict VeIR parsing/printing, as judged by independent canonical MLIR and stable VeIR reprinting. This is a file-level contract, not complete operation semantics.",upstream.tbaa.roundtrip.fixture,llvm.func llvm.load llvm.return llvm.store
upstream.uwtable-kind.verification,uwtable-kind · verification,llvm-compat,verification,specified,Both tools accept the original upstream fixture with registered LLVM operations.,upstream.uwtable-kind.verification.fixture,llvm.func llvm.unreachable
upstream.uwtable-kind.roundtrip,uwtable-kind · roundtrip,llvm-compat,roundtrip,specified,"Preserve all properties and structure of this pinned upstream fixture through strict VeIR parsing/printing, as judged by independent canonical MLIR and stable VeIR reprinting. This is a file-level contract, not complete operation semantics.",upstream.uwtable-kind.roundtrip.fixture,llvm.func llvm.unreachable
upstream.varargs.verification,varargs · verification,llvm-compat,verification,specified,Both tools accept the original upstream fixture with registered LLVM operations.,upstream.varargs.verification.fixture,llvm.alloca llvm.func llvm.intr.vaend llvm.intr.vastart llvm.mlir.constant llvm.return llvm.va_arg
upstream.varargs.roundtrip,varargs · roundtrip,llvm-compat,roundtrip,specified,"Preserve all properties and structure of this pinned upstream fixture through strict VeIR parsing/printing, as judged by independent canonical MLIR and stable VeIR reprinting. This is a file-level contract, not complete operation semantics.",upstream.varargs.roundtrip.fixture,llvm.alloca llvm.func llvm.intr.vaend llvm.intr.vastart llvm.mlir.constant llvm.return llvm.va_arg
upstream.vector_reduce_or.verification,vector reduce or · verification,llvm-compat,verification,specified,Both tools accept the original upstream fixture with registered LLVM operations.,upstream.vector_reduce_or.verification.fixture,llvm.func llvm.intr.vector.reduce.or llvm.return
upstream.vector_reduce_or.roundtrip,vector reduce or · roundtrip,llvm-compat,roundtrip,specified,"Preserve all properties and structure of this pinned upstream fixture through strict VeIR parsing/printing, as judged by independent canonical MLIR and stable VeIR reprinting. This is a file-level contract, not complete operation semantics.",upstream.vector_reduce_or.roundtrip.fixture,llvm.func llvm.intr.vector.reduce.or llvm.return
upstream.zext_nonneg.verification,zext nonneg · verification,llvm-compat,verification,specified,Both tools accept the original upstream fixture with registered LLVM operations.,upstream.zext_nonneg.verification.fixture,llvm.func llvm.return llvm.zext
upstream.zext_nonneg.roundtrip,zext nonneg · roundtrip,llvm-compat,roundtrip,specified,"Preserve all properties and structure of this pinned upstream fixture through strict VeIR parsing/printing, as judged by independent canonical MLIR and stable VeIR reprinting. This is a file-level contract, not complete operation semantics.",upstream.zext_nonneg.roundtrip.fixture,llvm.func llvm.return llvm.zext
